startStationCode,startStationName,endStationCode,endStationName,prevStationCode,prevStationName,updnLine,directAt,dow,hh,mm,congestionCar1,congestionCar2,congestionCar3,congestionCar4,congestionCar5,congestionCar6,congestionCar7,congestionCar8,congestionCar9,congestionCar10
202,을지로입구역,211,성수역,214,강변역,0,0,WED,17,00,0,0,0,0,0,0,0,0,0,0
202,을지로입구역,211,성수역,214,강변역,0,0,WED,17,10,0,0,0,0,0,0,0,0,0,0
202,을지로입구역,211,성수역,214,강변역,0,0,WED,17,20,0,0,0,0,0,0,0,0,0,0
202,을지로입구역,211,성수역,214,강변역,0,0,WED,17,30,0,0,0,0,0,0,0,0,0,0
202,을지로입구역,211,성수역,214,강변역,0,0,WED,17,40,0,0,0,0,0,0,0,0,0,0
202,을지로입구역,211,성수역,214,강변역,0,0,WED,17,50,0,0,0,0,0,0,0,0,0,0
202,을지로입구역,211-R,성수역,214,강변역,0,0,WED,17,00,0,0,0,0,0,0,0,0,0,0
202,을지로입구역,211-R,성수역,214,강변역,0,0,WED,17,10,0,0,0,0,0,0,0,0,0,0
202,을지로입구역,211-R,성수역,214,강변역,0,0,WED,17,20,0,0,0,0,0,0,0,0,0,0
202,을지로입구역,211-R,성수역,214,강변역,0,0,WED,17,30,0,0,0,0,0,0,0,0,0,0
202,을지로입구역,211-R,성수역,214,강변역,0,0,WED,17,40,0,0,0,0,0,0,0,0,0,0
202,을지로입구역,211-R,성수역,214,강변역,0,0,WED,17,50,0,0,0,0,0,0,0,0,0,0
211,성수역,202,을지로입구역,212,건대입구역,1,0,WED,17,00,0,0,0,0,0,0,0,0,0,0
211,성수역,202,을지로입구역,212,건대입구역,1,0,WED,17,10,0,0,0,0,0,0,0,0,0,0
211,성수역,202,을지로입구역,212,건대입구역,1,0,WED,17,20,0,0,0,0,0,0,0,0,0,0
211,성수역,202,을지로입구역,212,건대입구역,1,0,WED,17,30,0,0,0,0,0,0,0,0,0,0
211,성수역,202,을지로입구역,212,건대입구역,1,0,WED,17,40,0,0,0,0,0,0,0,0,0,0
211,성수역,202,을지로입구역,212,건대입구역,1,0,WED,17,50,0,0,0,0,0,0,0,0,0,0
211,성수역,211,성수역,214,강변역,0,0,WED,17,00,0,0,0,0,0,0,0,0,0,0
211,성수역,211,성수역,214,강변역,0,0,WED,17,10,0,0,0,0,0,0,0,0,0,0
211,성수역,211,성수역,214,강변역,0,0,WED,17,20,0,0,0,0,0,0,0,0,0,0
211,성수역,211,성수역,214,강변역,0,0,WED,17,30,0,0,0,0,0,0,0,0,0,0
211,성수역,211,성수역,214,강변역,0,0,WED,17,40,0,0,0,0,0,0,0,0,0,0
211,성수역,211,성수역,214,강변역,0,0,WED,17,50,0,0,0,0,0,0,0,0,0,0
211,성수역,211,성수역,212,건대입구역,1,0,WED,17,00,0,0,0,0,0,0,0,0,0,0
211,성수역,211,성수역,212,건대입구역,1,0,WED,17,10,0,0,0,0,0,0,0,0,0,0
211,성수역,211,성수역,212,건대입구역,1,0,WED,17,20,0,0,0,0,0,0,0,0,0,0
211,성수역,211,성수역,212,건대입구역,1,0,WED,17,30,0,0,0,0,0,0,0,0,0,0
211,성수역,211,성수역,212,건대입구역,1,0,WED,17,40,0,0,0,0,0,0,0,0,0,0
211,성수역,211,성수역,212,건대입구역,1,0,WED,17,50,28,38,43,43,36,35,45,47,37,38
211,성수역,211-R,성수역,214,강변역,0,0,WED,17,00,28,39,43,39,38,36,45,37,27,26
211,성수역,211-R,성수역,214,강변역,0,0,WED,17,10,37,59,54,53,51,56,68,53,41,38
211,성수역,211-R,성수역,214,강변역,0,0,WED,17,20,37,56,52,48,52,64,71,57,42,41
211,성수역,211-R,성수역,214,강변역,0,0,WED,17,30,44,56,59,54,53,61,71,56,45,41
211,성수역,211-R,성수역,214,강변역,0,0,WED,17,40,47,51,53,61,52,51,63,53,46,43
211,성수역,211-R,성수역,214,강변역,0,0,WED,17,50,61,69,73,65,63,79,84,74,50,51
211,성수역,211-R,성수역,212,건대입구역,1,0,WED,17,00,37,42,58,53,44,45,43,49,49,40
211,성수역,211-R,성수역,212,건대입구역,1,0,WED,17,10,27,37,41,37,31,29,37,37,32,32
211,성수역,211-R,성수역,212,건대입구역,1,0,WED,17,20,37,50,55,48,52,47,65,65,54,57
211,성수역,211-R,성수역,212,건대입구역,1,0,WED,17,30,30,36,45,44,42,40,48,55,48,42
211,성수역,211-R,성수역,212,건대입구역,1,0,WED,17,40,26,34,34,34,26,34,35,36,33,28
211,성수역,211-R,성수역,212,건대입구역,1,0,WED,17,50,33,45,51,51,43,41,53,55,44,45
211,성수역,219,삼성역,212,건대입구역,1,0,WED,17,00,0,0,0,0,0,0,0,0,0,0
211,성수역,219,삼성역,212,건대입구역,1,0,WED,17,10,0,0,0,0,0,0,0,0,0,0
211,성수역,219,삼성역,212,건대입구역,1,0,WED,17,20,0,0,0,0,0,0,0,0,0,0
211,성수역,219,삼성역,212,건대입구역,1,0,WED,17,30,0,0,0,0,0,0,0,0,0,0
211,성수역,219,삼성역,212,건대입구역,1,0,WED,17,40,0,0,0,0,0,0,0,0,0,0
211,성수역,219,삼성역,212,건대입구역,1,0,WED,17,50,0,0,0,0,0,0,0,0,0,0
211,성수역,228,서울대입구역,212,건대입구역,1,0,WED,17,00,0,0,0,0,0,0,0,0,0,0
211,성수역,228,서울대입구역,212,건대입구역,1,0,WED,17,10,0,0,0,0,0,0,0,0,0,0
211,성수역,228,서울대입구역,212,건대입구역,1,0,WED,17,20,0,0,0,0,0,0,0,0,0,0
211,성수역,228,서울대입구역,212,건대입구역,1,0,WED,17,30,0,0,0,0,0,0,0,0,0,0
211,성수역,228,서울대입구역,212,건대입구역,1,0,WED,17,40,0,0,0,0,0,0,0,0,0,0
211,성수역,228,서울대입구역,212,건대입구역,1,0,WED,17,50,0,0,0,0,0,0,0,0,0,0
211,성수역,234,신도림역,212,건대입구역,1,0,WED,17,00,0,0,0,0,0,0,0,0,0,0
211,성수역,234,신도림역,212,건대입구역,1,0,WED,17,10,0,0,0,0,0,0,0,0,0,0
211,성수역,234,신도림역,212,건대입구역,1,0,WED,17,20,0,0,0,0,0,0,0,0,0,0
211,성수역,234,신도림역,212,건대입구역,1,0,WED,17,30,0,0,0,0,0,0,0,0,0,0
211,성수역,234,신도림역,212,건대입구역,1,0,WED,17,40,0,0,0,0,0,0,0,0,0,0
211,성수역,234,신도림역,212,건대입구역,1,0,WED,17,50,0,0,0,0,0,0,0,0,0,0
211,성수역,239,홍대입구역,212,건대입구역,1,0,WED,17,00,0,0,0,0,0,0,0,0,0,0
211,성수역,239,홍대입구역,212,건대입구역,1,0,WED,17,10,0,0,0,0,0,0,0,0,0,0
211,성수역,239,홍대입구역,212,건대입구역,1,0,WED,17,20,0,0,0,0,0,0,0,0,0,0
211,성수역,239,홍대입구역,212,건대입구역,1,0,WED,17,30,0,0,0,0,0,0,0,0,0,0
211,성수역,239,홍대입구역,212,건대입구역,1,0,WED,17,40,0,0,0,0,0,0,0,0,0,0
211,성수역,239,홍대입구역,212,건대입구역,1,0,WED,17,50,0,0,0,0,0,0,0,0,0,0
219,삼성역,211-R,성수역,214,강변역,0,0,WED,17,00,0,0,0,0,0,0,0,0,0,0
219,삼성역,211-R,성수역,214,강변역,0,0,WED,17,10,0,0,0,0,0,0,0,0,0,0
219,삼성역,211-R,성수역,214,강변역,0,0,WED,17,20,0,0,0,0,0,0,0,0,0,0
219,삼성역,211-R,성수역,214,강변역,0,0,WED,17,30,0,0,0,0,0,0,0,0,0,0
219,삼성역,211-R,성수역,214,강변역,0,0,WED,17,40,0,0,0,0,0,0,0,0,0,0
219,삼성역,211-R,성수역,214,강변역,0,0,WED,17,50,0,0,0,0,0,0,0,0,0,0
228,서울대입구역,211,성수역,214,강변역,0,0,WED,17,00,33,46,51,46,44,42,52,44,31,31
228,서울대입구역,211,성수역,214,강변역,0,0,WED,17,10,38,61,57,55,53,58,70,56,42,39
228,서울대입구역,211,성수역,214,강변역,0,0,WED,17,20,38,57,53,49,53,65,72,58,43,42
228,서울대입구역,211,성수역,214,강변역,0,0,WED,17,30,43,55,58,53,52,60,69,55,44,40
228,서울대입구역,211,성수역,214,강변역,0,0,WED,17,40,45,49,51,59,50,49,60,51,44,41
228,서울대입구역,211,성수역,214,강변역,0,0,WED,17,50,61,69,73,65,63,79,84,74,50,51
228,서울대입구역,211-R,성수역,214,강변역,0,0,WED,17,00,0,0,0,0,0,0,0,0,0,0
228,서울대입구역,211-R,성수역,214,강변역,0,0,WED,17,10,0,0,0,0,0,0,0,0,0,0
228,서울대입구역,211-R,성수역,214,강변역,0,0,WED,17,20,0,0,0,0,0,0,0,0,0,0
228,서울대입구역,211-R,성수역,214,강변역,0,0,WED,17,30,0,0,0,0,0,0,0,0,0,0
228,서울대입구역,211-R,성수역,214,강변역,0,0,WED,17,40,0,0,0,0,0,0,0,0,0,0
228,서울대입구역,211-R,성수역,214,강변역,0,0,WED,17,50,0,0,0,0,0,0,0,0,0,0
234,신도림역,211,성수역,214,강변역,0,0,WED,17,00,0,0,0,0,0,0,0,0,0,0
234,신도림역,211,성수역,214,강변역,0,0,WED,17,10,0,0,0,0,0,0,0,0,0,0
234,신도림역,211,성수역,214,강변역,0,0,WED,17,20,0,0,0,0,0,0,0,0,0,0
234,신도림역,211,성수역,214,강변역,0,0,WED,17,30,0,0,0,0,0,0,0,0,0,0
234,신도림역,211,성수역,214,강변역,0,0,WED,17,40,0,0,0,0,0,0,0,0,0,0
234,신도림역,211,성수역,214,강변역,0,0,WED,17,50,0,0,0,0,0,0,0,0,0,0
234,신도림역,211-R,성수역,214,강변역,0,0,WED,17,00,47,65,72,66,63,61,74,62,45,44
234,신도림역,211-R,성수역,214,강변역,0,0,WED,17,10,43,69,64,63,60,66,80,63,48,45
234,신도림역,211-R,성수역,214,강변역,0,0,WED,17,20,44,66,61,56,61,75,83,67,49,48
234,신도림역,211-R,성수역,214,강변역,0,0,WED,17,30,24,31,33,30,30,34,39,31,25,23
234,신도림역,211-R,성수역,214,강변역,0,0,WED,17,40,0,0,0,0,0,0,0,0,0,0
234,신도림역,211-R,성수역,214,강변역,0,0,WED,17,50,45,51,55,49,47,59,63,55,37,38
239,홍대입구역,211,성수역,214,강변역,0,0,WED,17,00,0,0,0,0,0,0,0,0,0,0
239,홍대입구역,211,성수역,214,강변역,0,0,WED,17,10,0,0,0,0,0,0,0,0,0,0
239,홍대입구역,211,성수역,214,강변역,0,0,WED,17,20,0,0,0,0,0,0,0,0,0,0
239,홍대입구역,211,성수역,214,강변역,0,0,WED,17,30,0,0,0,0,0,0,0,0,0,0
239,홍대입구역,211,성수역,214,강변역,0,0,WED,17,40,0,0,0,0,0,0,0,0,0,0
239,홍대입구역,211,성수역,214,강변역,0,0,WED,17,50,0,0,0,0,0,0,0,0,0,0
239,홍대입구역,211-R,성수역,214,강변역,0,0,WED,17,00,0,0,0,0,0,0,0,0,0,0
239,홍대입구역,211-R,성수역,214,강변역,0,0,WED,17,10,0,0,0,0,0,0,0,0,0,0
239,홍대입구역,211-R,성수역,214,강변역,0,0,WED,17,20,0,0,0,0,0,0,0,0,0,0
239,홍대입구역,211-R,성수역,214,강변역,0,0,WED,17,30,0,0,0,0,0,0,0,0,0,0
239,홍대입구역,211-R,성수역,214,강변역,0,0,WED,17,40,0,0,0,0,0,0,0,0,0,0
239,홍대입구역,211-R,성수역,214,강변역,0,0,WED,17,50,0,0,0,0,0,0,0,0,0,0
202,을지로입구역,211,성수역,214,강변역,0,0,WED,18,00,0,0,0,0,0,0,0,0,0,0
202,을지로입구역,211,성수역,214,강변역,0,0,WED,18,10,0,0,0,0,0,0,0,0,0,0
202,을지로입구역,211,성수역,214,강변역,0,0,WED,18,20,0,0,0,0,0,0,0,0,0,0
202,을지로입구역,211,성수역,214,강변역,0,0,WED,18,30,0,0,0,0,0,0,0,0,0,0
202,을지로입구역,211,성수역,214,강변역,0,0,WED,18,40,0,0,0,0,0,0,0,0,0,0
202,을지로입구역,211,성수역,214,강변역,0,0,WED,18,50,0,0,0,0,0,0,0,0,0,0
202,을지로입구역,211-R,성수역,214,강변역,0,0,WED,18,00,0,0,0,0,0,0,0,0,0,0
202,을지로입구역,211-R,성수역,214,강변역,0,0,WED,18,10,0,0,0,0,0,0,0,0,0,0
202,을지로입구역,211-R,성수역,214,강변역,0,0,WED,18,20,0,0,0,0,0,0,0,0,0,0
202,을지로입구역,211-R,성수역,214,강변역,0,0,WED,18,30,0,0,0,0,0,0,0,0,0,0
202,을지로입구역,211-R,성수역,214,강변역,0,0,WED,18,40,0,0,0,0,0,0,0,0,0,0
202,을지로입구역,211-R,성수역,214,강변역,0,0,WED,18,50,0,0,0,0,0,0,0,0,0,0
211,성수역,202,을지로입구역,212,건대입구역,1,0,WED,18,00,0,0,0,0,0,0,0,0,0,0
211,성수역,202,을지로입구역,212,건대입구역,1,0,WED,18,10,0,0,0,0,0,0,0,0,0,0
211,성수역,202,을지로입구역,212,건대입구역,1,0,WED,18,20,0,0,0,0,0,0,0,0,0,0
211,성수역,202,을지로입구역,212,건대입구역,1,0,WED,18,30,0,0,0,0,0,0,0,0,0,0
211,성수역,202,을지로입구역,212,건대입구역,1,0,WED,18,40,0,0,0,0,0,0,0,0,0,0
211,성수역,202,을지로입구역,212,건대입구역,1,0,WED,18,50,0,0,0,0,0,0,0,0,0,0
211,성수역,211,성수역,214,강변역,0,0,WED,18,00,0,0,0,0,0,0,0,0,0,0
211,성수역,211,성수역,214,강변역,0,0,WED,18,10,0,0,0,0,0,0,0,0,0,0
211,성수역,211,성수역,214,강변역,0,0,WED,18,20,0,0,0,0,0,0,0,0,0,0
211,성수역,211,성수역,214,강변역,0,0,WED,18,30,0,0,0,0,0,0,0,0,0,0
211,성수역,211,성수역,214,강변역,0,0,WED,18,40,0,0,0,0,0,0,0,0,0,0
211,성수역,211,성수역,214,강변역,0,0,WED,18,50,0,0,0,0,0,0,0,0,0,0
211,성수역,211,성수역,212,건대입구역,1,0,WED,18,00,69,80,92,81,68,74,92,81,78,75
211,성수역,211,성수역,212,건대입구역,1,0,WED,18,10,68,77,81,86,73,86,82,78,84,77
211,성수역,211,성수역,212,건대입구역,1,0,WED,18,20,63,65,69,73,69,69,81,73,74,85
211,성수역,211,성수역,212,건대입구역,1,0,WED,18,30,68,75,80,98,84,75,98,101,82,98
211,성수역,211,성수역,212,건대입구역,1,0,WED,18,40,73,79,81,84,77,82,96,94,80,74
211,성수역,211,성수역,212,건대입구역,1,0,WED,18,50,47,49,53,56,53,57,64,65,42,54
211,성수역,211-R,성수역,214,강변역,0,0,WED,18,00,52,70,58,59,57,69,62,60,45,38
211,성수역,211-R,성수역,214,강변역,0,0,WED,18,10,74,70,76,68,70,72,78,77,50,54
211,성수역,211-R,성수역,214,강변역,0,0,WED,18,20,82,96,98,92,108,111,117,93,82,81
211,성수역,211-R,성수역,214,강변역,0,0,WED,18,30,68,78,86,87,69,76,88,79,64,65
211,성수역,211-R,성수역,214,강변역,0,0,WED,18,40,50,55,62,59,55,60,69,68,47,54
211,성수역,211-R,성수역,214,강변역,0,0,WED,18,50,39,46,46,45,44,48,57,48,36,41
211,성수역,211-R,성수역,212,건대입구역,1,0,WED,18,00,42,49,56,49,41,45,56,49,47,45
211,성수역,211-R,성수역,212,건대입구역,1,0,WED,18,10,39,44,46,49,41,49,47,45,48,44
211,성수역,211-R,성수역,212,건대입구역,1,0,WED,18,20,48,49,53,56,53,53,62,56,56,65
211,성수역,211-R,성수역,212,건대입구역,1,0,WED,18,30,47,51,55,67,58,52,67,69,57,67
211,성수역,211-R,성수역,212,건대입구역,1,0,WED,18,40,44,47,48,50,46,49,58,56,48,44
211,성수역,211-R,성수역,212,건대입구역,1,0,WED,18,50,40,42,45,48,45,48,54,56,36,46
211,성수역,219,삼성역,212,건대입구역,1,0,WED,18,00,0,0,0,0,0,0,0,0,0,0
211,성수역,219,삼성역,212,건대입구역,1,0,WED,18,10,0,0,0,0,0,0,0,0,0,0
211,성수역,219,삼성역,212,건대입구역,1,0,WED,18,20,0,0,0,0,0,0,0,0,0,0
211,성수역,219,삼성역,212,건대입구역,1,0,WED,18,30,0,0,0,0,0,0,0,0,0,0
211,성수역,219,삼성역,212,건대입구역,1,0,WED,18,40,0,0,0,0,0,0,0,0,0,0
211,성수역,219,삼성역,212,건대입구역,1,0,WED,18,50,0,0,0,0,0,0,0,0,0,0
211,성수역,228,서울대입구역,212,건대입구역,1,0,WED,18,00,0,0,0,0,0,0,0,0,0,0
211,성수역,228,서울대입구역,212,건대입구역,1,0,WED,18,10,0,0,0,0,0,0,0,0,0,0
211,성수역,228,서울대입구역,212,건대입구역,1,0,WED,18,20,0,0,0,0,0,0,0,0,0,0
211,성수역,228,서울대입구역,212,건대입구역,1,0,WED,18,30,0,0,0,0,0,0,0,0,0,0
211,성수역,228,서울대입구역,212,건대입구역,1,0,WED,18,40,0,0,0,0,0,0,0,0,0,0
211,성수역,228,서울대입구역,212,건대입구역,1,0,WED,18,50,0,0,0,0,0,0,0,0,0,0
211,성수역,234,신도림역,212,건대입구역,1,0,WED,18,00,0,0,0,0,0,0,0,0,0,0
211,성수역,234,신도림역,212,건대입구역,1,0,WED,18,10,0,0,0,0,0,0,0,0,0,0
211,성수역,234,신도림역,212,건대입구역,1,0,WED,18,20,0,0,0,0,0,0,0,0,0,0
211,성수역,234,신도림역,212,건대입구역,1,0,WED,18,30,0,0,0,0,0,0,0,0,0,0
211,성수역,234,신도림역,212,건대입구역,1,0,WED,18,40,14,15,16,16,15,16,19,18,16,14
211,성수역,234,신도림역,212,건대입구역,1,0,WED,18,50,28,29,32,33,31,34,38,39,25,32
211,성수역,239,홍대입구역,212,건대입구역,1,0,WED,18,00,0,0,0,0,0,0,0,0,0,0
211,성수역,239,홍대입구역,212,건대입구역,1,0,WED,18,10,0,0,0,0,0,0,0,0,0,0
211,성수역,239,홍대입구역,212,건대입구역,1,0,WED,18,20,0,0,0,0,0,0,0,0,0,0
211,성수역,239,홍대입구역,212,건대입구역,1,0,WED,18,30,0,0,0,0,0,0,0,0,0,0
211,성수역,239,홍대입구역,212,건대입구역,1,0,WED,18,40,0,0,0,0,0,0,0,0,0,0
211,성수역,239,홍대입구역,212,건대입구역,1,0,WED,18,50,0,0,0,0,0,0,0,0,0,0
219,삼성역,211-R,성수역,214,강변역,0,0,WED,18,00,0,0,0,0,0,0,0,0,0,0
219,삼성역,211-R,성수역,214,강변역,0,0,WED,18,10,0,0,0,0,0,0,0,0,0,0
219,삼성역,211-R,성수역,214,강변역,0,0,WED,18,20,0,0,0,0,0,0,0,0,0,0
219,삼성역,211-R,성수역,214,강변역,0,0,WED,18,30,0,0,0,0,0,0,0,0,0,0
219,삼성역,211-R,성수역,214,강변역,0,0,WED,18,40,0,0,0,0,0,0,0,0,0,0
219,삼성역,211-R,성수역,214,강변역,0,0,WED,18,50,0,0,0,0,0,0,0,0,0,0
228,서울대입구역,211,성수역,214,강변역,0,0,WED,18,00,60,82,67,69,66,80,72,69,52,44
228,서울대입구역,211,성수역,214,강변역,0,0,WED,18,10,82,77,84,74,78,79,86,84,56,60
228,서울대입구역,211,성수역,214,강변역,0,0,WED,18,20,83,97,99,93,109,112,118,94,83,82
228,서울대입구역,211,성수역,214,강변역,0,0,WED,18,30,71,81,90,90,71,79,92,82,66,67
228,서울대입구역,211,성수역,214,강변역,0,0,WED,18,40,49,53,60,57,53,58,67,65,45,52
228,서울대입구역,211,성수역,214,강변역,0,0,WED,18,50,39,46,46,45,44,48,57,48,36,41
228,서울대입구역,211-R,성수역,214,강변역,0,0,WED,18,00,0,0,0,0,0,0,0,0,0,0
228,서울대입구역,211-R,성수역,214,강변역,0,0,WED,18,10,0,0,0,0,0,0,0,0,0,0
228,서울대입구역,211-R,성수역,214,강변역,0,0,WED,18,20,0,0,0,0,0,0,0,0,0,0
228,서울대입구역,211-R,성수역,214,강변역,0,0,WED,18,30,0,0,0,0,0,0,0,0,0,0
228,서울대입구역,211-R,성수역,214,강변역,0,0,WED,18,40,0,0,0,0,0,0,0,0,0,0
228,서울대입구역,211-R,성수역,214,강변역,0,0,WED,18,50,0,0,0,0,0,0,0,0,0,0
234,신도림역,211,성수역,214,강변역,0,0,WED,18,00,0,0,0,0,0,0,0,0,0,0
234,신도림역,211,성수역,214,강변역,0,0,WED,18,10,0,0,0,0,0,0,0,0,0,0
234,신도림역,211,성수역,214,강변역,0,0,WED,18,20,0,0,0,0,0,0,0,0,0,0
234,신도림역,211,성수역,214,강변역,0,0,WED,18,30,0,0,0,0,0,0,0,0,0,0
234,신도림역,211,성수역,214,강변역,0,0,WED,18,40,0,0,0,0,0,0,0,0,0,0
234,신도림역,211,성수역,214,강변역,0,0,WED,18,50,0,0,0,0,0,0,0,0,0,0
234,신도림역,211-R,성수역,214,강변역,0,0,WED,18,00,90,122,101,103,99,120,108,103,77,65
234,신도림역,211-R,성수역,214,강변역,0,0,WED,18,10,106,101,109,97,101,103,112,110,72,78
234,신도림역,211-R,성수역,214,강변역,0,0,WED,18,20,106,124,126,119,140,143,151,120,106,104
234,신도림역,211-R,성수역,214,강변역,0,0,WED,18,30,112,128,141,142,112,124,144,128,104,106
234,신도림역,211-R,성수역,214,강변역,0,0,WED,18,40,54,59,66,63,59,65,74,72,50,58
234,신도림역,211-R,성수역,214,강변역,0,0,WED,18,50,0,0,0,0,0,0,0,0,0,0
239,홍대입구역,211,성수역,214,강변역,0,0,WED,18,00,0,0,0,0,0,0,0,0,0,0
239,홍대입구역,211,성수역,214,강변역,0,0,WED,18,10,0,0,0,0,0,0,0,0,0,0
239,홍대입구역,211,성수역,214,강변역,0,0,WED,18,20,0,0,0,0,0,0,0,0,0,0
239,홍대입구역,211,성수역,214,강변역,0,0,WED,18,30,0,0,0,0,0,0,0,0,0,0
239,홍대입구역,211,성수역,214,강변역,0,0,WED,18,40,0,0,0,0,0,0,0,0,0,0
239,홍대입구역,211,성수역,214,강변역,0,0,WED,18,50,0,0,0,0,0,0,0,0,0,0
239,홍대입구역,211-R,성수역,214,강변역,0,0,WED,18,00,0,0,0,0,0,0,0,0,0,0
239,홍대입구역,211-R,성수역,214,강변역,0,0,WED,18,10,0,0,0,0,0,0,0,0,0,0
239,홍대입구역,211-R,성수역,214,강변역,0,0,WED,18,20,0,0,0,0,0,0,0,0,0,0
239,홍대입구역,211-R,성수역,214,강변역,0,0,WED,18,30,0,0,0,0,0,0,0,0,0,0
239,홍대입구역,211-R,성수역,214,강변역,0,0,WED,18,40,0,0,0,0,0,0,0,0,0,0
239,홍대입구역,211-R,성수역,214,강변역,0,0,WED,18,50,0,0,0,0,0,0,0,0,0,0
202,을지로입구역,211,성수역,214,강변역,0,0,WED,19,00,0,0,0,0,0,0,0,0,0,0
202,을지로입구역,211,성수역,214,강변역,0,0,WED,19,10,0,0,0,0,0,0,0,0,0,0
202,을지로입구역,211,성수역,214,강변역,0,0,WED,19,20,0,0,0,0,0,0,0,0,0,0
202,을지로입구역,211,성수역,214,강변역,0,0,WED,19,30,0,0,0,0,0,0,0,0,0,0
202,을지로입구역,211,성수역,214,강변역,0,0,WED,19,40,0,0,0,0,0,0,0,0,0,0
202,을지로입구역,211,성수역,214,강변역,0,0,WED,19,50,0,0,0,0,0,0,0,0,0,0
202,을지로입구역,211-R,성수역,214,강변역,0,0,WED,19,00,0,0,0,0,0,0,0,0,0,0
202,을지로입구역,211-R,성수역,214,강변역,0,0,WED,19,10,0,0,0,0,0,0,0,0,0,0
202,을지로입구역,211-R,성수역,214,강변역,0,0,WED,19,20,0,0,0,0,0,0,0,0,0,0
202,을지로입구역,211-R,성수역,214,강변역,0,0,WED,19,30,0,0,0,0,0,0,0,0,0,0
202,을지로입구역,211-R,성수역,214,강변역,0,0,WED,19,40,0,0,0,0,0,0,0,0,0,0
202,을지로입구역,211-R,성수역,214,강변역,0,0,WED,19,50,0,0,0,0,0,0,0,0,0,0
211,성수역,202,을지로입구역,212,건대입구역,1,0,WED,19,00,0,0,0,0,0,0,0,0,0,0
211,성수역,202,을지로입구역,212,건대입구역,1,0,WED,19,10,0,0,0,0,0,0,0,0,0,0
211,성수역,202,을지로입구역,212,건대입구역,1,0,WED,19,20,0,0,0,0,0,0,0,0,0,0
211,성수역,202,을지로입구역,212,건대입구역,1,0,WED,19,30,0,0,0,0,0,0,0,0,0,0
211,성수역,202,을지로입구역,212,건대입구역,1,0,WED,19,40,0,0,0,0,0,0,0,0,0,0
211,성수역,202,을지로입구역,212,건대입구역,1,0,WED,19,50,0,0,0,0,0,0,0,0,0,0
211,성수역,211,성수역,214,강변역,0,0,WED,19,00,0,0,0,0,0,0,0,0,0,0
211,성수역,211,성수역,214,강변역,0,0,WED,19,10,0,0,0,0,0,0,0,0,0,0
211,성수역,211,성수역,214,강변역,0,0,WED,19,20,4,5,6,5,5,5,7,6,4,4
211,성수역,211,성수역,214,강변역,0,0,WED,19,30,7,11,10,10,10,11,13,12,10,8
211,성수역,211,성수역,214,강변역,0,0,WED,19,40,6,11,11,11,9,11,12,12,8,8
211,성수역,211,성수역,214,강변역,0,0,WED,19,50,7,9,12,12,11,12,13,13,11,8
211,성수역,211,성수역,212,건대입구역,1,0,WED,19,00,42,46,50,57,49,47,51,61,48,49
211,성수역,211,성수역,212,건대입구역,1,0,WED,19,10,21,27,27,34,30,29,33,40,30,31
211,성수역,211,성수역,212,건대입구역,1,0,WED,19,20,23,28,32,28,25,28,34,42,31,30
211,성수역,211,성수역,212,건대입구역,1,0,WED,19,30,14,21,25,21,21,24,26,25,21,22
211,성수역,211,성수역,212,건대입구역,1,0,WED,19,40,11,17,21,22,18,19,20,20,20,21
211,성수역,211,성수역,212,건대입구역,1,0,WED,19,50,15,18,18,17,19,17,21,20,24,21
211,성수역,211-R,성수역,214,강변역,0,0,WED,19,00,38,41,50,51,41,48,62,50,39,39
211,성수역,211-R,성수역,214,강변역,0,0,WED,19,10,28,35,42,42,36,49,54,42,40,33
211,성수역,211-R,성수역,214,강변역,0,0,WED,19,20,31,41,49,42,44,46,56,49,36,35
211,성수역,211-R,성수역,214,강변역,0,0,WED,19,30,23,38,32,34,34,37,43,39,32,26
211,성수역,211-R,성수역,214,강변역,0,0,WED,19,40,16,29,29,27,24,30,31,30,22,21
211,성수역,211-R,성수역,214,강변역,0,0,WED,19,50,18,23,31,29,27,30,33,31,28,20
211,성수역,211-R,성수역,212,건대입구역,1,0,WED,19,00,36,40,43,49,42,41,44,52,41,42
211,성수역,211-R,성수역,212,건대입구역,1,0,WED,19,10,19,24,24,30,27,26,29,36,27,28
211,성수역,211-R,성수역,212,건대입구역,1,0,WED,19,20,20,24,28,24,22,25,30,36,26,26
211,성수역,211-R,성수역,212,건대입구역,1,0,WED,19,30,15,22,26,22,22,25,27,26,22,23
211,성수역,211-R,성수역,212,건대입구역,1,0,WED,19,40,12,18,22,23,19,20,21,21,21,22
211,성수역,211-R,성수역,212,건대입구역,1,0,WED,19,50,14,17,17,16,18,16,20,19,23,20
211,성수역,219,삼성역,212,건대입구역,1,0,WED,19,00,0,0,0,0,0,0,0,0,0,0
211,성수역,219,삼성역,212,건대입구역,1,0,WED,19,10,0,0,0,0,0,0,0,0,0,0
211,성수역,219,삼성역,212,건대입구역,1,0,WED,19,20,0,0,0,0,0,0,0,0,0,0
211,성수역,219,삼성역,212,건대입구역,1,0,WED,19,30,0,0,0,0,0,0,0,0,0,0
211,성수역,219,삼성역,212,건대입구역,1,0,WED,19,40,0,0,0,0,0,0,0,0,0,0
211,성수역,219,삼성역,212,건대입구역,1,0,WED,19,50,0,0,0,0,0,0,0,0,0,0
211,성수역,228,서울대입구역,212,건대입구역,1,0,WED,19,00,0,0,0,0,0,0,0,0,0,0
211,성수역,228,서울대입구역,212,건대입구역,1,0,WED,19,10,0,0,0,0,0,0,0,0,0,0
211,성수역,228,서울대입구역,212,건대입구역,1,0,WED,19,20,0,0,0,0,0,0,0,0,0,0
211,성수역,228,서울대입구역,212,건대입구역,1,0,WED,19,30,0,0,0,0,0,0,0,0,0,0
211,성수역,228,서울대입구역,212,건대입구역,1,0,WED,19,40,0,0,0,0,0,0,0,0,0,0
211,성수역,228,서울대입구역,212,건대입구역,1,0,WED,19,50,0,0,0,0,0,0,0,0,0,0
211,성수역,234,신도림역,212,건대입구역,1,0,WED,19,00,27,30,32,37,31,30,32,39,31,31
211,성수역,234,신도림역,212,건대입구역,1,0,WED,19,10,24,31,31,38,34,33,37,45,34,35
211,성수역,234,신도림역,212,건대입구역,1,0,WED,19,20,13,16,18,16,14,16,19,24,17,17
211,성수역,234,신도림역,212,건대입구역,1,0,WED,19,30,15,22,26,22,22,25,27,26,22,23
211,성수역,234,신도림역,212,건대입구역,1,0,WED,19,40,28,42,51,53,45,46,48,47,49,50
211,성수역,234,신도림역,212,건대입구역,1,0,WED,19,50,36,44,44,42,45,41,50,49,58,50
211,성수역,239,홍대입구역,212,건대입구역,1,0,WED,19,00,0,0,0,0,0,0,0,0,0,0
211,성수역,239,홍대입구역,212,건대입구역,1,0,WED,19,10,0,0,0,0,0,0,0,0,0,0
211,성수역,239,홍대입구역,212,건대입구역,1,0,WED,19,20,0,0,0,0,0,0,0,0,0,0
211,성수역,239,홍대입구역,212,건대입구역,1,0,WED,19,30,0,0,0,0,0,0,0,0,0,0
211,성수역,239,홍대입구역,212,건대입구역,1,0,WED,19,40,0,0,0,0,0,0,0,0,0,0
211,성수역,239,홍대입구역,212,건대입구역,1,0,WED,19,50,0,0,0,0,0,0,0,0,0,0
219,삼성역,211-R,성수역,214,강변역,0,0,WED,19,00,0,0,0,0,0,0,0,0,0,0
219,삼성역,211-R,성수역,214,강변역,0,0,WED,19,10,0,0,0,0,0,0,0,0,0,0
219,삼성역,211-R,성수역,214,강변역,0,0,WED,19,20,0,0,0,0,0,0,0,0,0,0
219,삼성역,211-R,성수역,214,강변역,0,0,WED,19,30,0,0,0,0,0,0,0,0,0,0
219,삼성역,211-R,성수역,214,강변역,0,0,WED,19,40,0,0,0,0,0,0,0,0,0,0
219,삼성역,211-R,성수역,214,강변역,0,0,WED,19,50,0,0,0,0,0,0,0,0,0,0
228,서울대입구역,211,성수역,214,강변역,0,0,WED,19,00,38,41,50,51,41,48,62,50,39,39
228,서울대입구역,211,성수역,214,강변역,0,0,WED,19,10,27,33,40,40,34,46,51,39,38,31
228,서울대입구역,211,성수역,214,강변역,0,0,WED,19,20,30,39,46,40,42,44,54,47,35,34
228,서울대입구역,211,성수역,214,강변역,0,0,WED,19,30,21,35,30,31,31,34,39,36,30,24
228,서울대입구역,211,성수역,214,강변역,0,0,WED,19,40,16,28,28,26,23,29,30,29,21,21
228,서울대입구역,211,성수역,214,강변역,0,0,WED,19,50,15,20,26,25,23,26,28,26,24,17
228,서울대입구역,211-R,성수역,214,강변역,0,0,WED,19,00,0,0,0,0,0,0,0,0,0,0
228,서울대입구역,211-R,성수역,214,강변역,0,0,WED,19,10,0,0,0,0,0,0,0,0,0,0
228,서울대입구역,211-R,성수역,214,강변역,0,0,WED,19,20,0,0,0,0,0,0,0,0,0,0
228,서울대입구역,211-R,성수역,214,강변역,0,0,WED,19,30,0,0,0,0,0,0,0,0,0,0
228,서울대입구역,211-R,성수역,214,강변역,0,0,WED,19,40,0,0,0,0,0,0,0,0,0,0
228,서울대입구역,211-R,성수역,214,강변역,0,0,WED,19,50,0,0,0,0,0,0,0,0,0,0
234,신도림역,211,성수역,214,강변역,0,0,WED,19,00,0,0,0,0,0,0,0,0,0,0
234,신도림역,211,성수역,214,강변역,0,0,WED,19,10,0,0,0,0,0,0,0,0,0,0
234,신도림역,211,성수역,214,강변역,0,0,WED,19,20,0,0,0,0,0,0,0,0,0,0
234,신도림역,211,성수역,214,강변역,0,0,WED,19,30,0,0,0,0,0,0,0,0,0,0
234,신도림역,211,성수역,214,강변역,0,0,WED,19,40,0,0,0,0,0,0,0,0,0,0
234,신도림역,211,성수역,214,강변역,0,0,WED,19,50,0,0,0,0,0,0,0,0,0,0
234,신도림역,211-R,성수역,214,강변역,0,0,WED,19,00,0,0,0,0,0,0,0,0,0,0
234,신도림역,211-R,성수역,214,강변역,0,0,WED,19,10,0,0,0,0,0,0,0,0,0,0
234,신도림역,211-R,성수역,214,강변역,0,0,WED,19,20,0,0,0,0,0,0,0,0,0,0
234,신도림역,211-R,성수역,214,강변역,0,0,WED,19,30,0,0,0,0,0,0,0,0,0,0
234,신도림역,211-R,성수역,214,강변역,0,0,WED,19,40,0,0,0,0,0,0,0,0,0,0
234,신도림역,211-R,성수역,214,강변역,0,0,WED,19,50,0,0,0,0,0,0,0,0,0,0
239,홍대입구역,211,성수역,214,강변역,0,0,WED,19,00,0,0,0,0,0,0,0,0,0,0
239,홍대입구역,211,성수역,214,강변역,0,0,WED,19,10,0,0,0,0,0,0,0,0,0,0
239,홍대입구역,211,성수역,214,강변역,0,0,WED,19,20,0,0,0,0,0,0,0,0,0,0
239,홍대입구역,211,성수역,214,강변역,0,0,WED,19,30,0,0,0,0,0,0,0,0,0,0
239,홍대입구역,211,성수역,214,강변역,0,0,WED,19,40,0,0,0,0,0,0,0,0,0,0
239,홍대입구역,211,성수역,214,강변역,0,0,WED,19,50,0,0,0,0,0,0,0,0,0,0
239,홍대입구역,211-R,성수역,214,강변역,0,0,WED,19,00,0,0,0,0,0,0,0,0,0,0
239,홍대입구역,211-R,성수역,214,강변역,0,0,WED,19,10,0,0,0,0,0,0,0,0,0,0
239,홍대입구역,211-R,성수역,214,강변역,0,0,WED,19,20,0,0,0,0,0,0,0,0,0,0
239,홍대입구역,211-R,성수역,214,강변역,0,0,WED,19,30,0,0,0,0,0,0,0,0,0,0
239,홍대입구역,211-R,성수역,214,강변역,0,0,WED,19,40,0,0,0,0,0,0,0,0,0,0
239,홍대입구역,211-R,성수역,214,강변역,0,0,WED,19,50,0,0,0,0,0,0,0,0,0,0
202,을지로입구역,211,성수역,214,강변역,0,0,WED,20,00,0,0,0,0,0,0,0,0,0,0
202,을지로입구역,211,성수역,214,강변역,0,0,WED,20,10,0,0,0,0,0,0,0,0,0,0
202,을지로입구역,211,성수역,214,강변역,0,0,WED,20,20,0,0,0,0,0,0,0,0,0,0
202,을지로입구역,211,성수역,214,강변역,0,0,WED,20,30,0,0,0,0,0,0,0,0,0,0
202,을지로입구역,211,성수역,214,강변역,0,0,WED,20,40,0,0,0,0,0,0,0,0,0,0
202,을지로입구역,211,성수역,214,강변역,0,0,WED,20,50,0,0,0,0,0,0,0,0,0,0
202,을지로입구역,211-R,성수역,214,강변역,0,0,WED,20,00,0,0,0,0,0,0,0,0,0,0
202,을지로입구역,211-R,성수역,214,강변역,0,0,WED,20,10,0,0,0,0,0,0,0,0,0,0
202,을지로입구역,211-R,성수역,214,강변역,0,0,WED,20,20,0,0,0,0,0,0,0,0,0,0
202,을지로입구역,211-R,성수역,214,강변역,0,0,WED,20,30,0,0,0,0,0,0,0,0,0,0
202,을지로입구역,211-R,성수역,214,강변역,0,0,WED,20,40,0,0,0,0,0,0,0,0,0,0
202,을지로입구역,211-R,성수역,214,강변역,0,0,WED,20,50,0,0,0,0,0,0,0,0,0,0
211,성수역,202,을지로입구역,212,건대입구역,1,0,WED,20,00,0,0,0,0,0,0,0,0,0,0
211,성수역,202,을지로입구역,212,건대입구역,1,0,WED,20,10,0,0,0,0,0,0,0,0,0,0
211,성수역,202,을지로입구역,212,건대입구역,1,0,WED,20,20,0,0,0,0,0,0,0,0,0,0
211,성수역,202,을지로입구역,212,건대입구역,1,0,WED,20,30,0,0,0,0,0,0,0,0,0,0
211,성수역,202,을지로입구역,212,건대입구역,1,0,WED,20,40,0,0,0,0,0,0,0,0,0,0
211,성수역,202,을지로입구역,212,건대입구역,1,0,WED,20,50,0,0,0,0,0,0,0,0,0,0
211,성수역,211,성수역,214,강변역,0,0,WED,20,00,8,9,13,12,13,10,14,13,9,9
211,성수역,211,성수역,214,강변역,0,0,WED,20,10,12,15,16,18,13,17,23,17,17,14
211,성수역,211,성수역,214,강변역,0,0,WED,20,20,13,15,18,14,15,20,18,17,15,14
211,성수역,211,성수역,214,강변역,0,0,WED,20,30,6,8,8,8,8,9,11,9,7,6
211,성수역,211,성수역,214,강변역,0,0,WED,20,40,0,0,0,0,0,0,0,0,0,0
211,성수역,211,성수역,214,강변역,0,0,WED,20,50,0,0,0,0,0,0,0,0,0,0
211,성수역,211,성수역,212,건대입구역,1,0,WED,20,00,13,20,20,20,17,21,16,22,19,23
211,성수역,211,성수역,212,건대입구역,1,0,WED,20,10,10,12,12,14,13,11,16,15,13,12
211,성수역,211,성수역,212,건대입구역,1,0,WED,20,20,9,14,13,16,14,12,14,14,12,13
211,성수역,211,성수역,212,건대입구역,1,0,WED,20,30,10,13,14,15,12,11,14,16,11,13
211,성수역,211,성수역,212,건대입구역,1,0,WED,20,40,9,13,15,11,12,11,16,18,12,14
211,성수역,211,성수역,212,건대입구역,1,0,WED,20,50,9,11,13,15,12,13,16,15,13,13
211,성수역,211-R,성수역,214,강변역,0,0,WED,20,00,18,20,28,26,30,24,33,29,20,21
211,성수역,211-R,성수역,214,강변역,0,0,WED,20,10,26,33,34,39,29,36,50,37,36,30
211,성수역,211-R,성수역,214,강변역,0,0,WED,20,20,32,36,42,33,36,48,44,41,37,32
211,성수역,211-R,성수역,214,강변역,0,0,WED,20,30,27,37,39,37,37,43,49,41,32,28
211,성수역,211-R,성수역,214,강변역,0,0,WED,20,40,18,24,28,29,24,28,38,27,26,27
211,성수역,211-R,성수역,214,강변역,0,0,WED,20,50,19,20,27,23,23,25,31,30,30,22
211,성수역,211-R,성수역,212,건대입구역,1,0,WED,20,00,11,17,17,17,14,18,13,19,16,19
211,성수역,211-R,성수역,212,건대입구역,1,0,WED,20,10,16,20,20,23,21,18,26,24,22,19
211,성수역,211-R,성수역,212,건대입구역,1,0,WED,20,20,15,23,20,26,22,20,23,22,19,21
211,성수역,211-R,성수역,212,건대입구역,1,0,WED,20,30,15,20,22,24,18,17,22,24,17,20
211,성수역,211-R,성수역,212,건대입구역,1,0,WED,20,40,14,20,23,17,18,17,24,27,19,22
211,성수역,211-R,성수역,212,건대입구역,1,0,WED,20,50,12,15,18,19,15,17,21,20,17,17
211,성수역,219,삼성역,212,건대입구역,1,0,WED,20,00,0,0,0,0,0,0,0,0,0,0
211,성수역,219,삼성역,212,건대입구역,1,0,WED,20,10,0,0,0,0,0,0,0,0,0,0
211,성수역,219,삼성역,212,건대입구역,1,0,WED,20,20,0,0,0,0,0,0,0,0,0,0
211,성수역,219,삼성역,212,건대입구역,1,0,WED,20,30,0,0,0,0,0,0,0,0,0,0
211,성수역,219,삼성역,212,건대입구역,1,0,WED,20,40,0,0,0,0,0,0,0,0,0,0
211,성수역,219,삼성역,212,건대입구역,1,0,WED,20,50,0,0,0,0,0,0,0,0,0,0
211,성수역,228,서울대입구역,212,건대입구역,1,0,WED,20,00,0,0,0,0,0,0,0,0,0,0
211,성수역,228,서울대입구역,212,건대입구역,1,0,WED,20,10,0,0,0,0,0,0,0,0,0,0
211,성수역,228,서울대입구역,212,건대입구역,1,0,WED,20,20,0,0,0,0,0,0,0,0,0,0
211,성수역,228,서울대입구역,212,건대입구역,1,0,WED,20,30,0,0,0,0,0,0,0,0,0,0
211,성수역,228,서울대입구역,212,건대입구역,1,0,WED,20,40,0,0,0,0,0,0,0,0,0,0
211,성수역,228,서울대입구역,212,건대입구역,1,0,WED,20,50,0,0,0,0,0,0,0,0,0,0
211,성수역,234,신도림역,212,건대입구역,1,0,WED,20,00,24,37,37,37,31,38,29,41,34,42
211,성수역,234,신도림역,212,건대입구역,1,0,WED,20,10,18,22,22,26,23,20,28,26,24,21
211,성수역,234,신도림역,212,건대입구역,1,0,WED,20,20,22,34,30,38,33,29,34,32,28,30
211,성수역,234,신도림역,212,건대입구역,1,0,WED,20,30,15,20,22,24,18,17,22,24,17,20
211,성수역,234,신도림역,212,건대입구역,1,0,WED,20,40,21,30,34,25,27,25,36,41,28,33
211,성수역,234,신도림역,212,건대입구역,1,0,WED,20,50,22,26,31,34,27,30,37,35,30,29
211,성수역,239,홍대입구역,212,건대입구역,1,0,WED,20,00,0,0,0,0,0,0,0,0,0,0
211,성수역,239,홍대입구역,212,건대입구역,1,0,WED,20,10,0,0,0,0,0,0,0,0,0,0
211,성수역,239,홍대입구역,212,건대입구역,1,0,WED,20,20,0,0,0,0,0,0,0,0,0,0
211,성수역,239,홍대입구역,212,건대입구역,1,0,WED,20,30,0,0,0,0,0,0,0,0,0,0
211,성수역,239,홍대입구역,212,건대입구역,1,0,WED,20,40,0,0,0,0,0,0,0,0,0,0
211,성수역,239,홍대입구역,212,건대입구역,1,0,WED,20,50,0,0,0,0,0,0,0,0,0,0
219,삼성역,211-R,성수역,214,강변역,0,0,WED,20,00,0,0,0,0,0,0,0,0,0,0
219,삼성역,211-R,성수역,214,강변역,0,0,WED,20,10,0,0,0,0,0,0,0,0,0,0
219,삼성역,211-R,성수역,214,강변역,0,0,WED,20,20,0,0,0,0,0,0,0,0,0,0
219,삼성역,211-R,성수역,214,강변역,0,0,WED,20,30,0,0,0,0,0,0,0,0,0,0
219,삼성역,211-R,성수역,214,강변역,0,0,WED,20,40,0,0,0,0,0,0,0,0,0,0
219,삼성역,211-R,성수역,214,강변역,0,0,WED,20,50,0,0,0,0,0,0,0,0,0,0
228,서울대입구역,211,성수역,214,강변역,0,0,WED,20,00,16,17,24,22,25,20,27,24,17,18
228,서울대입구역,211,성수역,214,강변역,0,0,WED,20,10,21,26,28,31,23,29,40,30,29,24
228,서울대입구역,211,성수역,214,강변역,0,0,WED,20,20,24,27,32,25,28,36,33,31,28,25
228,서울대입구역,211,성수역,214,강변역,0,0,WED,20,30,26,35,37,35,35,41,46,39,30,26
228,서울대입구역,211,성수역,214,강변역,0,0,WED,20,40,17,22,26,26,22,26,35,25,25,25
228,서울대입구역,211,성수역,214,강변역,0,0,WED,20,50,17,19,25,21,21,23,29,27,27,20
228,서울대입구역,211-R,성수역,214,강변역,0,0,WED,20,00,0,0,0,0,0,0,0,0,0,0
228,서울대입구역,211-R,성수역,214,강변역,0,0,WED,20,10,0,0,0,0,0,0,0,0,0,0
228,서울대입구역,211-R,성수역,214,강변역,0,0,WED,20,20,0,0,0,0,0,0,0,0,0,0
228,서울대입구역,211-R,성수역,214,강변역,0,0,WED,20,30,0,0,0,0,0,0,0,0,0,0
228,서울대입구역,211-R,성수역,214,강변역,0,0,WED,20,40,0,0,0,0,0,0,0,0,0,0
228,서울대입구역,211-R,성수역,214,강변역,0,0,WED,20,50,0,0,0,0,0,0,0,0,0,0
234,신도림역,211,성수역,214,강변역,0,0,WED,20,00,0,0,0,0,0,0,0,0,0,0
234,신도림역,211,성수역,214,강변역,0,0,WED,20,10,0,0,0,0,0,0,0,0,0,0
234,신도림역,211,성수역,214,강변역,0,0,WED,20,20,0,0,0,0,0,0,0,0,0,0
234,신도림역,211,성수역,214,강변역,0,0,WED,20,30,0,0,0,0,0,0,0,0,0,0
234,신도림역,211,성수역,214,강변역,0,0,WED,20,40,0,0,0,0,0,0,0,0,0,0
234,신도림역,211,성수역,214,강변역,0,0,WED,20,50,0,0,0,0,0,0,0,0,0,0
234,신도림역,211-R,성수역,214,강변역,0,0,WED,20,00,0,0,0,0,0,0,0,0,0,0
234,신도림역,211-R,성수역,214,강변역,0,0,WED,20,10,0,0,0,0,0,0,0,0,0,0
234,신도림역,211-R,성수역,214,강변역,0,0,WED,20,20,0,0,0,0,0,0,0,0,0,0
234,신도림역,211-R,성수역,214,강변역,0,0,WED,20,30,0,0,0,0,0,0,0,0,0,0
234,신도림역,211-R,성수역,214,강변역,0,0,WED,20,40,0,0,0,0,0,0,0,0,0,0
234,신도림역,211-R,성수역,214,강변역,0,0,WED,20,50,0,0,0,0,0,0,0,0,0,0
239,홍대입구역,211,성수역,214,강변역,0,0,WED,20,00,0,0,0,0,0,0,0,0,0,0
239,홍대입구역,211,성수역,214,강변역,0,0,WED,20,10,0,0,0,0,0,0,0,0,0,0
239,홍대입구역,211,성수역,214,강변역,0,0,WED,20,20,0,0,0,0,0,0,0,0,0,0
239,홍대입구역,211,성수역,214,강변역,0,0,WED,20,30,0,0,0,0,0,0,0,0,0,0
239,홍대입구역,211,성수역,214,강변역,0,0,WED,20,40,0,0,0,0,0,0,0,0,0,0
239,홍대입구역,211,성수역,214,강변역,0,0,WED,20,50,0,0,0,0,0,0,0,0,0,0
239,홍대입구역,211-R,성수역,214,강변역,0,0,WED,20,00,0,0,0,0,0,0,0,0,0,0
239,홍대입구역,211-R,성수역,214,강변역,0,0,WED,20,10,0,0,0,0,0,0,0,0,0,0
239,홍대입구역,211-R,성수역,214,강변역,0,0,WED,20,20,0,0,0,0,0,0,0,0,0,0
239,홍대입구역,211-R,성수역,214,강변역,0,0,WED,20,30,0,0,0,0,0,0,0,0,0,0
239,홍대입구역,211-R,성수역,214,강변역,0,0,WED,20,40,0,0,0,0,0,0,0,0,0,0
239,홍대입구역,211-R,성수역,214,강변역,0,0,WED,20,50,0,0,0,0,0,0,0,0,0,0
